상품명,가격,상위카테고리,하위카테고리
삼양 큰컵 맛있는라면 112gX4입,"7,490",컵라면,일반라면
[신라면] 농심 신라면 작은컵 6입 X2개(총12컵) /라면/컵라면/농심,"11,400",컵라면,일반라면
[김치사발면] 농심 김치사발면 6입 X2개(총12컵) /라면/컵라면/김치,"12,250",컵라면,일반라면
태국 컵라면 마마 컵 쉬림 톰냠 플레이버 톰냠꿍라면 70g,"1,200",컵라면,일반라면
[왕뚜껑] 팔도 왕뚜껑 110g X18개 /라면/컵라면/간식/왕뚜껑,"18,000",컵라면,일반라면
[오뚜기] 참깨라면(용기) 110g x 12개,"14,900",컵라면,일반라면
[육개장] 농심 육개장 사발면 86g X6개입 X2(총12개)  컵라면/라면/간식,"12,250",컵라면,일반라면
태국 컵라면 마마 컵 쉬림 크리미 톰냠 플레이버 톰냠꿍라면 70g,"1,200",컵라면,일반라면
오뚜기 리얼치즈라면 용기 120gX12입,"17,730",컵라면,일반라면
삼양 큰컵 삼양라면 115gX4입,"7,080",컵라면,일반라면
[오뚜기] 떡라면(용기) 140g x 12개,"21,900",컵라면,일반라면
삼양 삼양라면 컵  65g 6입,"7,500",컵라면,일반라면
[오뚜기] 리얼치즈라면(용기) 120g x 12개,"18,900",컵라면,일반라면
삼양 삼양라면 컵  65g 6입 X2입,"11,900",컵라면,일반라면
[너구리] 농심 너구리 컵면 6입 X2개(총12컵) /라면/컵라면,"12,250",컵라면,일반라면
[농심새우탕] 농심 새우탕 컵면 67g X6개입 X2(총12개) 컵라면/라면/간식/해물,"12,250",컵라면,일반라면
농심 안성탕면 6입 x2 (총12개)/라면/컵라면,"12,250",컵라면,일반라면
[삼양라면]라면의 원조 컵 맛있는라면 65g x 12개,"16,900",컵라면,일반라면
[삼양라면]라면의 원조 컵 삼양라면 65g x 12개,"17,000",컵라면,일반라면
삼양 삼양라면 115g 큰컵 16입,"17,160",컵라면,일반라면
삼양 큰컵 삼양라면115gX16입,"17,400",컵라면,일반라면
[오뚜기] 쇠고기미역국라면(용기) 100g x 12개,"18,900",컵라면,일반라면
[오뚜기] 부대찌개라면(용기) 115g x 12개,"18,900",컵라면,일반라면
삼양 큰컵 맛있는라면112gX16입,"20,600",컵라면,일반라면
[삼양라면]라면의 원조 큰컵 맛있는라면 112g x 16개,"28,900",컵라면,일반라면
[삼양라면]라면의 원조 컵 삼양라면 65g x 30,"33,900",컵라면,일반라면
[진라면] 진라면 매운맛 종이컵 소컵 65g X15개 /라면/컵라면/진라면,"10,940",컵라면,일반라면
더왕뚜껑120gX10개+남자라면115gX10개,"15,900",컵라면,일반라면
더왕뚜껑120gX10개+틈새라면120gX10개,"16,900",컵라면,일반라면
라면 & 컵누들 해피해피,"19,200",컵라면,일반라면
[삼양라면]라면의 원조 컵 맛있는라면 65g x 30개,"33,900",컵라면,일반라면
삼양 큰컵 나가사끼짬뽕 105gX4입,"7,390",컵라면,짬뽕라면
농심 오징어짬뽕컵 소컵 67gX6입X2박스,"13,380",컵라면,짬뽕라면
농심 오징어짬뽕컵 소컵 67gX6입,"8,370",컵라면,짬뽕라면
(1900340) 컵라면 오징어짬뽕 컵 1박스/6컵,"5,500",컵라면,짬뽕라면
[새벽배송][우리가락]오징어짬뽕 큰사발 115g 1개,"2,300",컵라면,짬뽕라면
(2001180) 컵라면 오징어짬뽕 큰사발 1박스,"25,100",컵라면,짬뽕라면
농심 해물안성탕면컵 소컵 66gX6입X2박스,"12,890",컵라면,짬뽕라면
(2001420) 컵라면 일품 해물왕컵 1박스,"16,600",컵라면,짬뽕라면
왕뚜껑110gX4개+꼬꼬면컵105gX4개+해물왕컵110gX4개,"12,900",컵라면,짬뽕라면
농심 오징어짬뽕큰사발 115gX8입 + 사천요리짜파게티115g 8입,"26,900",컵라면,짬뽕라면
삼양 큰컵 나가사끼짬뽕105gX16입,"19,900",컵라면,짬뽕라면
농심 신라면큰사발 114gX8입 + 오징어 짬뽕 큰사발 115g 8입,"23,900",컵라면,짬뽕라면
(2001270) 컵라면 나가사끼 짬뽕 큰사발 1박스,"21,800",컵라면,짬뽕라면
선물) 농심 신라면 큰사발 114g 8입 + 오징어짬뽕 큰사발 115g 8입,"23,900",컵라면,짬뽕라면
오징어짬뽕 컵라면 67g x 30개입,"25,000",컵라면,짬뽕라면
농심 해물안성탕면컵 소컵 66gX6입,"7,940",컵라면,짬뽕라면
왕뚜껑110gX4개+해물왕컵110gX4개,"9,900",컵라면,짬뽕라면
왕뚜껑110gX4개+도시락86gX4개+해물왕컵110gX4개,"12,900",컵라면,짬뽕라면
(2001170) 컵라면 오징어짬뽕 소컵 1박스,"26,600",컵라면,짬뽕라면
선물) 농심 오징어짬뽕 큰사발 115g 8입+사천요리짜파게티 큰사발 115g 8입,"26,900",컵라면,짬뽕라면
농심 짜파게티큰사발123g*6입,"5,700",컵라면,짜장라면
[새벽배송][우리가락]짜파게티 큰사발 123g 1개,"1,700",컵라면,짜장라면
(2001240) 컵라면 짜파게티 큰사발 1박스,"18,000",컵라면,짜장라면
(1900290) 컵라면 짜파게티 범벅 1박스/6컵,"5,200",컵라면,짜장라면
(1900710) 컵라면 진짜장 큰사발 1박스,"18,400",컵라면,짜장라면
(농심큰사발) 짜왕x8입+짜파게티x8입,"17,000",컵라면,짜장라면
(2001220) 컵라면 짜왕 큰사발 1박스,"24,000",컵라면,짜장라면
짜파게티 큰사발 123g x 16개입,"16,500",컵라면,짜장라면
(2001230) 컵라면 짜파게티 범벅 1박스,"25,300",컵라면,짜장라면
선물) 농심 짜왕 큰사발 105g 8입+짜왕 매운맛 큰사발 104g 8입,"25,900",컵라면,짜장라면
농심 짜파게티큰사발 123gX16입,"20,090",컵라면,짜장라면
삼양 큰컵 짜장불닭볶음면105gX16입,"20,900",컵라면,짜장라면
선물) 농심 김치큰사발 112g 8입 +짜파게티 큰사발  123g 8입,"20,900",컵라면,짜장라면
농심 신라면큰사발 114g 8입 + 짜파게티 큰사발 123g 8입,"20,900",컵라면,짜장라면
선물) 농심 짜왕 큰사발 105g 8입 + 짜왕 매운맛 큰사발 104g 8입,"25,900",컵라면,짜장라면
농심 사천요리짜파게티큰사발 115gX16입,"26,300",컵라면,짜장라면
삼양 큰컵 짜장불닭볶음면 105gX8입,"11,984",컵라면,짜장라면
[오뚜기] 진짜장 컵 70g x 15개,"16,900",컵라면,짜장라면
선물) 농심 신라면 큰사발 114g 8입 + 짜파게티 큰사발발 123g 8입,"20,900",컵라면,짜장라면
선물) 농심 짜파게티 큰사발 123g 8입+김치 큰사발 112g 8입,"20,900",컵라면,짜장라면
(1900240) 컵라면 사천 짜파게티 큰사발 1박스,"25,500",컵라면,짜장라면
[삼양]큰컵 까르보불닭볶음면105g,990,컵라면,비빔면/볶음면
(2001300) 컵라면 불닭볶음면 큰사발 1박스,"22,600",컵라면,비빔면/볶음면
삼양 큰컵 치즈불닭볶음면  X6입,"8,940",컵라면,비빔면/볶음면
삼양 큰컵 쫄볶이불닭볶음면 120gX8입,"12,220",컵라면,비빔면/볶음면
삼양 큰컵 치즈불닭볶음면 105gX4입,"7,180",컵라면,비빔면/볶음면
삼양 큰컵 불닭볶음면105gX16입,"20,010",컵라면,비빔면/볶음면
삼양 큰컵 쫄볶이 불닭볶음면120gX4입,"7,520",컵라면,비빔면/볶음면
(1900590) 컵라면 까르보 불닭 볶음면 큰사발 1박스,"23,900",컵라면,비빔면/볶음면
삼양 큰컵 치즈불닭볶음면105gX16입,"19,500",컵라면,비빔면/볶음면
(1900610) 컵라면 불닭 볶음면 컵 1박스/6컵,"6,200",컵라면,비빔면/볶음면
삼양 큰컵 까르보불닭볶음면105gX16입,"20,900",컵라면,비빔면/볶음면
(2001440) 컵라면 팔도 비빔면 1박스,"16,600",컵라면,비빔면/볶음면
삼양 큰컵 까르보불닭볶음면 105gX8입,"13,900",컵라면,비빔면/볶음면
큰컵 쫄볶이 불닭볶음면 120gx16입,"23,500",컵라면,비빔면/볶음면
왕뚜껑110gX4개+비빔면컵115gX4개,"9,900",컵라면,비빔면/볶음면
왕뚜껑110gX4개+도시락86gX4개+비빔면컵115gX4개,"12,900",컵라면,비빔면/볶음면
비빔면130gX15개+더왕뚜껑120gX5개,"17,900",컵라면,비빔면/볶음면
(2001350) 컵라면 치즈 불닭볶음면 큰사발 1박스,"22,600",컵라면,비빔면/볶음면
