,상품명,가격,상위카테고리,하위카테고리
0,[서울우유] 서울우유 2.3L,"5,480",우유,흰우유
1,[피코크] 우유(1등급) 1000ml,"1,880",우유,흰우유
2,[서울우유] 서울우유 1000ml 나100%,"2,560",우유,흰우유
3,[서울우유] 후레쉬 밀크 기획(900ml*2) 1800ml,"3,980",우유,흰우유
4,[서울우유] 목장의 신선함이 살아있는 우유 1L,"2,980",우유,흰우유
5,[남양] 맛있는 우유 GT 900ml×2,"4,280",우유,흰우유
6,[매일] 우유 오리지널 후레쉬팩 900ML*2,"4,680",우유,흰우유
7,[파스퇴르] 저온살균우유 기획세트(930mlx2입),"5,200",우유,흰우유
8,매일 오리지널  900ml,"2,480",우유,흰우유
9,[서울우유] 저지방 우유 1000ml,"2,680",우유,흰우유
10,[매일] 소화가 잘되는 우유 930ml,"3,150",우유,흰우유
11,[피코크] 우유 (1A등급) 1000ml,"2,080",우유,흰우유
12,서울우유 1.8L,"4,700",우유,흰우유
13,[서울우유] 저지방 우유 1800ml,"4,850",우유,흰우유
14,[이마트] 진심을 담은 우유 2.3L,"4,580",우유,흰우유
15,[매일] 소화가 잘되는 저지방 우유 930ml,"3,150",우유,흰우유
16,[남양] 고소한 저지방우유 900ml*2,"4,480",우유,흰우유
17,※점포별 구성상이 [덴마크] 대니쉬 the건강한우유(900ml*2) 1800ml,"4,580",우유,흰우유
18,[서울우유] 서울우유 (200ml*3개),"2,390",우유,흰우유
19,[파스퇴르] 후레쉬 우유 1.8L,"4,980",우유,흰우유
20,[파스퇴르] 후레쉬우유(200ml*3입) 600ml,"2,380",우유,흰우유
21,[매일] 우유 저지방2% 후레쉬팩 900ML*2,"4,480",우유,흰우유
22,[파스퇴르] 파스퇴르 우유 2.3L,"6,380",우유,흰우유
23,[매일] 오리지널(200ml*3개) 600ml,"1,980",우유,흰우유
24,[매일] 소화가 잘되는 멸균우유 (190ml16),"11,180",우유,흰우유
25,[매일유업]상하목장 슬로우 밀크  저지방 930ml,"3,450",우유,흰우유
26,[매일유업]상하목장 슬로우 밀크 930ml,"3,450",우유,흰우유
27,매일 저지방 1% 900mL,"2,480",우유,흰우유
28,[매일] 우유 무지방 0% 후레쉬팩 900ml,"2,480",우유,흰우유
29,[서울우유] 저지방 우유 2.3L,"6,150",우유,흰우유
30,서울우유 밀크랩 고단백저지방우유 900ml,"3,050",우유,흰우유
31,[서울우유] 목장의 신선함이 살아 있는 저지방 1L,"3,050",우유,흰우유
32,[남양] 고소한 락토프리 우유 900ml,"2,980",우유,흰우유
33,매일우유 저지방 1% 1.5L,"4,180",우유,흰우유
34,[매일] 소화가잘되는우유 멸균 (190ml*6입),"5,380",우유,흰우유
35,[덴마크] 대니쉬 the건강한 저지방우유 1.8L,"4,150",우유,흰우유
36,[매일] ESL 우유 500ml,"1,480",우유,흰우유
37,[파스퇴르] 후레쉬 우유 930ml,"3,380",우유,흰우유
38,[매일유업]상하목장 슬로우 밀크 180ml*3,"2,250",우유,흰우유
39,남양 맛있는우유GT 슈퍼밀크 900ml*2,"4,980",우유,흰우유
40,[서울우유] 서울우유 (200ml*6입),"3,980",우유,흰우유
41,서울 저지방 우유 200ml*3입,"2,390",우유,흰우유
42,[남양] 맛있는 우유 2.3L,"5,800",우유,흰우유
43,매일 멸균 소화가잘되는 저지방우유 6입,"5,380",우유,흰우유
44,"노브랜드 굿모닝 굿밀크1,000ml","1,480",우유,흰우유
45,맛있는우유GT 멸균 200ml*24,"10,980",우유,흰우유
46,노브랜드 굿모닝 굿밀크 1L,"1,480",우유,흰우유
47,[푸르밀] 고칼슘 저지방 우유(900ml*2) 1800ml,"3,780",우유,흰우유
48,[서울우유] 저지방 우유 (1L2개),"4,580",우유,흰우유
49,[노브랜드] 굿밀크 저지방 우유 1L,"1,880",우유,흰우유
50,[남양] 맛있는우유 GT 900ml,"2,520",우유,흰우유
51,매일우유 저지방 1% 멸균(200mL X 24입),"11,700",우유,흰우유
52,[노브랜드] 1A 우유 900mL,"1,780",우유,흰우유
53,동원 고칼슘우유900ml*2,"3,980",우유,흰우유
54,[이마트] 1A등급 고칼슘 저지방우유 930ml,"2,250",우유,흰우유
55,[일동] 후디스 초유플러스 우유 기획팩 930ML*2,"5,750",우유,흰우유
56,피코크 유기농인증우유 125ml*3,"2,680",우유,흰우유
57,[남양] 맛있는 우유 GT 아인슈타인 900ml,"2,850",우유,흰우유
58,상하목장 유기농우유 900ml,"4,380",우유,흰우유
59,[피코크] 유기농인증 우유 750ML,"4,581",우유,흰우유
60,[덴마크] 대니쉬 the건강한 우유 900ml,"2,180",우유,흰우유
61,[매일유업]상하목장 슬로우밀크 저지방 180ml*3,"2,250",우유,흰우유
62,남양 맛있는우유GT 200ml*3,"2,280",우유,흰우유
63,[이마트] 뼈에 쏙쏙 고칼슘 저지방 우유 1.8L,"4,080",우유,흰우유
64,[파스퇴르] 저지방 우유 1.8L,"4,980",우유,흰우유
65,[매일] 멸균 우유 (200ml*24개),"12,500",우유,흰우유
66,덴마크 산양우유 750ml,"5,350",우유,흰우유
67,[남양]맛있는 우유 GT 저지방 2.3L,"5,800",우유,흰우유
68,무항생제 인증 바른목장우유125mlx3,"2,680",우유,흰우유
69,남양 맛있는우유GT 500ml,"1,550",우유,흰우유
70,[매일] 매일우유 2.3L,"5,800",우유,흰우유
71,"Oldenburger 멸균우유 3.5% 1,000ml","2,150",우유,흰우유
72,[남양] 아인슈타인 멸균 플러스 120ml*3,"2,400",우유,흰우유
73,상하목장 유기농우유 750ml,"4,650",우유,흰우유
74,맛있는우유GT 멸균 200ml*6,"3,980",우유,흰우유
75,남양 고소한 저지방우유 900ml,"2,470",우유,흰우유
76,상하목장 유기농멸균우유 125ml*3,"3,100",우유,흰우유
77,[삼양우유] 제주우유 1000ml,"2,340",우유,흰우유
78, 저지방 우유 (1L2입),"3,980",우유,흰우유
79,상하목장 유기농 멸균우유 125ml*24개입,"18,900",우유,흰우유
80,남양 하루근력 900ml,"2,880",우유,흰우유
81,[서울우유] 멸균우유(200ml24개입),"12,500",우유,흰우유
82,[매일] 멸균우유 오리지널 1L,"2,580",우유,흰우유
83,"남양 고소한락토프리우유 1,080ml(180ml*6개입)","5,380",우유,흰우유
84,덴마크 무항생제 인증목장우유 120ml*3,"2,680",우유,흰우유
85,상하목장 유기농 저지방우유 750ml,"4,650",우유,흰우유
86,[연세] 멸균우유 200ml24입,"13,000",우유,흰우유
87,파스퇴르 바른목장우유190ml*6(멸균우유),"5,400",우유,흰우유
88,[쓱데이딜][남양] 불가리스 사과8입/복숭아 8입 모음,"8,680",우유,흰우유
89,백미당 우유 (200ml*4입),"5,200",우유,흰우유
90,상하목장 유기농저지방멸균 200ml*6,"7,100",우유,흰우유
91,매일 멸균우유 오리지널 200ml×24입,"10,680",우유,흰우유
92,"[독일공식수입 작센우유] 멸균우유 유지방1.5% 1000mlx12개입 (총12L)  (NEO 쓱배송, 그외지역 택배)","20,490",우유,흰우유
93,[매일유업] 매일우유 저지방1% 200ml*24,"11,700",우유,흰우유
94,Oldenburger 멸균우유 3.5% 200ml*4,"2,400",우유,흰우유
95,[파스퇴르] LB-9 유산균 우유 700ml*2,"4,950",우유,흰우유
96, 삼양 대관령목장 유기농우유 750ml,"4,350",우유,흰우유
97,백미당 유기농 네모우유 125ml*3,"3,600",우유,흰우유
98,"[독일공식수입 작센우유] 멸균우유 유지방3.5% 1000mlx12개입 (총12L)  (NEO 쓱배송, 그외지역 택배)","22,200",우유,흰우유
99,[동원소와나무]뮤닝/비피더스명장/데니쉬우유 등 베스트 상품,"5,980",우유,흰우유
100,[당일착유/당일생산] 바른유기농우유900ml(오리지날),"4,300",우유,흰우유
101,상하목장 유기농 멸균우유 200mlx24입,"18,980",우유,흰우유
102,[서울우유/매일外 ] 멸균제품 & 네오센터  베스트제안전,"12,500",우유,흰우유
103,[멸균우유 베스트] 서울/매일/남양/작센/연세/아르보리아 등 멸균우유 베스트 제안전,"12,500",우유,흰우유
104,★대표품목 10%다운로드 쿠폰★[매일유업] 매일우유 멸균 저지방 1% 200ml 24팩,"11,900",우유,흰우유
105,[덴마크] 대니쉬 the건강한 저지방우유 900ml,"1,980",우유,흰우유
106,★대표품목 10%다운로드 쿠폰★[매일유업] 매일우유 멸균 오리지널 200ml 24팩,"13,900",우유,흰우유
107, 소화가 잘되는 우유(락토프리) 오리지널 멸균 190ml 24팩,"19,900",우유,흰우유
108,★대표품목 10%다운로드 쿠폰★[매일유업] 매일우유 멸균 무지방 0% 200ml 24팩,"12,900",우유,흰우유
109,"[매일]멸균 무지방 0% 우유 200ml*24 (NEO2 쓱배송, 그외지역 택배)","11,900",우유,흰우유
110,[서울우유] 멸균우유(1000ml10개입),"18,900",우유,흰우유
111,상하목장 유기농 우유 저지방 200ml 24팩,"20,900",우유,흰우유
112, 소화가 잘되는 우유(락토프리) 저지방 멸균 190ml 24팩,"19,900",우유,흰우유
113,[서울우유 공식대리점]서울우유 흰멸균우유 200ml x 24팩,"14,900",우유,흰우유
114,★대표품목 10%다운로드 쿠폰★[매일유업] 썬업 과일 야채 샐러드 그린 200ml 24팩,"12,900",우유,흰우유
115,멸균우유/바른목장우유190ml(24팩),"17,900",우유,흰우유
116,★대표품목 10%다운로드 쿠폰★[매일유업] 매일우유 멸균 저지방 2% 200ml 24팩,"12,900",우유,흰우유
117, 매일우유 멸균 오리지널 200ml x 24팩,"12,900",우유,흰우유
118,덴마크 무항생제인증목장우유 120㎖*6,"4,880",우유,흰우유
119,덴마크 목장 무항생제인증 우유 2880ml(120ml*24개입),"16,980",우유,흰우유
120,상하목장 유기농 우유 190ml 24팩,"20,900",우유,흰우유
121,유기농 저지방 우유 200ml 24팩,"20,900",우유,흰우유
122, 매일우유 멸균 오리지널 1000ml(1L) x 6팩,"14,700",우유,흰우유
123,[이담] 산양우유 750ml,"4,100",우유,흰우유
124,매일 멸균우유 저지방 1% 200ml 48팩,"22,900",우유,흰우유
125,후디스 유기농우유180ml*2,"2,950",우유,흰우유
126,매일 소화가 잘되는 우유 190ml 24팩,"18,900",우유,흰우유
127,매일 멸균우유 오리지널 200ml×24입,"10,680",우유,흰우유
128,남양 아인슈타인 베이비우유 180ml 48팩 멸균우유,"27,930",우유,흰우유
129,매일 멸균우유 오리지널 200ml 48팩,"24,900",우유,흰우유
130,연세 무항생제 멸균 흰우유190mlx24입/멸균우유,"19,800",우유,흰우유
131,[이담] 산양우유 150ml x 7팩,"9,800",우유,흰우유
132,유기농우유 125ml 48팩,"34,900",우유,흰우유
133,무항생제 바른목장우유125ml(24팩),"17,900",우유,흰우유
134,[매일우유 가정배달] 소화가잘되는우유 930ML 2개월 16회(주2회-월/수),"52,800",우유,흰우유
135,[S]상하목장 유기농 멸균우유 190ml 48팩,"44,500",우유,흰우유
136,멸균우유200ml(24팩),"16,800",우유,흰우유
137,이담 산양우유 750ml,"4,100",우유,흰우유
138, 소화가 잘되는 우유(락토프리) 멸균 홍삼 190ml 24팩,"19,900",우유,흰우유
139,서울우유 흑임자 우유 750g 2개세트,"5,900",우유,흰우유
140,[S]매일 소화가 잘되는 우유 190ml 48팩,"36,900",우유,흰우유
141,연세 흰우유 140mlx24입,"11,900",우유,흰우유
142,맛있는우유 GT 고소한 락토프리 180mL 24팩,"18,200",우유,흰우유
143,[매일우유 가정배달] 상하목장우유 750ML 3개월 36회(주3회-월/수/금),"167,400",우유,흰우유
144,[매일] 상하목장 멸균우유 190ml*24팩,"25,900",우유,흰우유
145,[매일우유 가정배달] 소화가잘되는우유 930ML 3개월 36회(주3회-월/수/금),"118,800",우유,흰우유
146,[매일우유 가정배달] 소화가잘되는우유 저지방 930ML 3개월 24회(주2회-월/수),"79,200",우유,흰우유
147,[매일우유 가정배달] 상하목장우유 180ML 1개월 20회(주5회-월~금),"31,000",우유,흰우유
148,서울우유 흑임자 우유 750g,"3,000",우유,흰우유
149,맛있는우유GT 아인슈타인 베이비 우유 180ml 24팩,"16,000",우유,흰우유
150,파스퇴르전용 멸균우유200ml(48팩),"33,900",우유,흰우유
151,프랑스 멸균우유 프로스페리떼1.6% 1000mlx12입,"23,800",우유,흰우유
152,남양 DHA 옳은 유기농 우유 120ml 24팩 멸균우유,"18,430",우유,흰우유
153,[매일우유 가정배달] 소화가잘되는우유 저지방 930ML 2개월 16회(주2회-월/수),"52,800",우유,흰우유
154,남양 아인슈타인 일반우유 180ml 48팩 멸균우유,"27,930",우유,흰우유
155,유기농우유 125ml 24팩,"22,900",우유,흰우유
156,팜하우스 골드 밀크 1L 프리미엄 방목우유 멸균우유,"5,500",우유,흰우유
157,"[남양] 맛있는우유 200ml*24입 (NEO 쓱배송, 그외지역 택배)","10,980",우유,흰우유
158,[매일유업] 매일우유 저지방1% 1.8L,"4,480",우유,흰우유
159,매일 멸균우유 저지방 2% 200ml x 48팩,"22,900",우유,흰우유
160,퓨어밀크 250ml 호주 방목우유 멸균우유,"1,800",우유,흰우유
161,1급A 멸균우유200ml(24팩),"17,900",우유,흰우유
162,[매일우유 가정배달] 소화가잘되는우유 저지방 930ML 3개월 36회(주3회-월/수/금),"118,800",우유,흰우유
163,[S]상하목장 유기농우유 125ml 48팩,"41,600",우유,흰우유
164,퓨어밀크 250ml 1박스(24개) 호주 방목우유 멸균우유,"34,000",우유,흰우유
165,New 유기농 청정목장 우유 기획세트 750mlx2입 (일반+저지방),"9,900",우유,흰우유
166,[S]매일 멸균우유 무지방 0% 200ml 48팩,"29,900",우유,흰우유
167,[서울우유 공식대리점]서울우유 흰멸균우유 200ml x 24팩,"15,200",우유,흰우유
168,서울우유 흑임자 우유 750g 1박스 8개,"23,200",우유,흰우유
169,퓨어밀크 1L 호주 방목우유 멸균우유,"3,100",우유,흰우유
170,[매일] 상하목장 멸균우유 190ml*48팩,"49,900",우유,흰우유
171,서울 멸균우유 200ml X 24팩/서울우유/멸균우유,"17,900",우유,흰우유
172,멸균우유 저지방 250ml X 24팩 1BOX 이태리우유,"21,900",우유,흰우유
173,[데콤포]MOM 밀크 온 밀크 동물복지 무항생제 우유 900ML 16% 추가할인 &1+1이벤트 (한정수량 300),"4,900",우유,흰우유
174,매일 멸균우유 무지방 0% 200ml 24팩,"15,900",우유,흰우유
175,아르보리아 멸균우유 1L,"2,300",우유,흰우유
176,[가정배달] 상하목장 무항생제 저온살균우유 180ML 1개월 20회(주5회-월~금),"26,000",우유,흰우유
177,[가정배달] 상하목장 무항생제 저온살균우유 750ML 3개월 36회 (주3회-월/수/금),"136,800",우유,흰우유
178,바른목장 프리바이오틱스우유125ml(24팩),"19,900",우유,흰우유
179,[파스퇴르] 저지방 우유 200mlx3,"2,250",우유,흰우유
180,[매일우유 가정배달] 소화가잘되는우유 930ML 2개월 24회(주3회-월/수/금),"79,200",우유,흰우유
181,"[연세] 멸균우유 1,000ml*9입  (NEO2 쓱배송, 그외지역 택배)","21,000",우유,흰우유
182,[매일우유 가정배달] 상하목장우유 750ML 1개월 12회(주3회-월/수/금),"55,800",우유,흰우유
183,데일리스타 밀쉬 멸균우유(캡없음) 1000ml,"1,990",우유,흰우유
184,유기농 옳은 우유 180ml*24,"19,900",우유,흰우유
185,독일 DMK 올덴버거 멸균우유 1L,"2,100",우유,흰우유
186,남양 맛있는우유 GT 아인슈타인 멸균우유 180ml 24팩,"16,000",우유,흰우유
187,파스퇴르전용 멸균우유200ml(24팩),"17,900",우유,흰우유
188,[가정배달] 상하목장 무항생제 저온살균우유 180ML 3개월 60회(주5회-월~금),"78,000",우유,흰우유
189,매일 멸균우유 무지방 0% 200ml 24팩,"22,900",우유,흰우유
190,해피반 멸균우유 1000ml 2개세트,"4,080",우유,흰우유
191,남양 DHA 옳은 유기농 우유 180ml 24팩 멸균우유,"19,380",우유,흰우유
192,[S]매일 멸균우유 오리지널 200ml 48팩,"29,900",우유,흰우유
193,[S]매일 소화가 잘되는 저지방 우유 190ml 48팩,"36,900",우유,흰우유
194,오메가 리밀크 750ml,"4,200",우유,흰우유
195,[매일유업 가정배달] 상하목장 케피어12 플레인 750ML(1개월12회) 주3회배달(월/수/금),"51,600",우유,흰우유
196, 삼양 대관령목장 유기농우유 200ml,"1,600",우유,흰우유
197,[매일] 상하목장 멸균우유 190ml*72팩,"72,900",우유,흰우유
198,멸균우유 200ml X 24팩 1BOX 이태리우유,"21,900",우유,흰우유
199,멸균우유 저지방 250ml X 48팩 이태리우유,"39,900",우유,흰우유
200,[매일우유 가정배달] 상하목장 케피어12 플레인 750ML(2개월16회) 주2회배달(월/수),"68,800",우유,흰우유
201,"[연세] 런닝맨 사과 유산균음료 190ml * 24입 (NEO2 쓱배송, 그외지역 택배)","9,900",우유,흰우유
202,[매일우유 가정배달] 소화가잘되는우유 저지방 930ML 2개월 24회(주3회-월/수/금),"79,200",우유,흰우유
203,퓨어밀크 1L 1박스(12개) 호주 방목우유 멸균우유,"34,000",우유,흰우유
204,매일 소화가 잘되는 우유 190ml 48팩,"36,900",우유,흰우유
205,바른목장 바나나우유125ml(24팩),"17,900",우유,흰우유
206,서울우유 흑임자 우유 750g,"3,000",우유,흰우유
207,[매일] 상하목장 유기농 저지방 200ml 48팩,"49,900",우유,흰우유
208,[매일] 상하목장 멸균우유 190ml*96팩,"95,900",우유,흰우유
209,[데콤포]MOM 밀크 온 밀크 동물복지 무항생제 우유 900ML 2개입 11% 추가할인  & 1+1이벤트 (한정수량 300),"8,900",우유,흰우유
210,무항생제 바른목장 250mlx18팩,"23,400",우유,흰우유
211,[데콤포] MOM 밀크온밀크 HACCP인증 플레인요거트 750ML 13% 추가할인,"7,900",우유,흰우유
212,[매일] 상하목장 유기농 딸기우유 125ml 24팩,"23,900",우유,흰우유
213,[매일우유 가정배달] 소화가잘되는우유 930ML 3개월 24회(주2회-월/수),"79,200",우유,흰우유
214,"[파스퇴르] 멸균우유 200ml * 24입 (NEO 쓱배송, 그외지역 택배)","12,990",우유,흰우유
215,오트밸리 귀리우유 1L,"4,300",우유,흰우유
216,서울우유 흑임자 우유 750g 1박스 8개,"23,200",우유,흰우유
217,서울우유 흑임자 우유 750g 2개세트,"5,900",우유,흰우유
218,파카디아 멸균우유 1L,"1,940",우유,흰우유
219,"[연세] 가볍다우유(저지방) 190ml * 24입 (NEO2 쓱배송, 그외지역 택배)","13,000",우유,흰우유
220,독일 DMK 올덴버거 멸균우유 1L 2개세트,"4,100",우유,흰우유
221,아르보리아 멸균우유 1L 2개세트,"4,560",우유,흰우유
222,1급a 멸균우유200ml(48팩),"33,900",우유,흰우유
223,패밀리 멸균우유 1000ml 2개세트,"4,500",우유,흰우유
224,연세 흰우유 190mlx24입,"13,900",우유,흰우유
225,가정배달 건국우유 1000ml (주3회/2주),"17,520",우유,흰우유
226,크림 치즈 2kg 베이글치즈 홈베이킹 대용량,"26,600",우유,흰우유
227,메가커피 데일리스타 밀쉬 멸균우유(캡없음) 1000ml 1박스 12개,"22,800",우유,흰우유
228,무항생제 인증 위드맘 첫우유 125ml 24팩/생우유 첫시작할때,"19,900",우유,흰우유
229,[매일우유 가정배달] 소화가잘되는우유 180ML 1개월 20회(주5회-월~금),"21,000",우유,흰우유
230,해피반 멸균우유 1000ml,"2,060",우유,흰우유
231,패밀리 멸균우유 1000ml,"2,280",우유,흰우유
232,메가커피 아르보리아 멸균우유 1L 1박스 10개,"22,000",우유,흰우유
233,메가커피 해피반 멸균우유 1000ml,"2,060",우유,흰우유
234,연세 흰우유140mlx48입,"20,900",우유,흰우유
235,연세 1A등급 우유 190ml 48팩 멸균우유,"26,505",우유,흰우유
236,[매일우유 가정배달] 상하목장 슬로우 저지방밀크 750ML 1개월 12회(주3회-월/수/금),"38,400",우유,흰우유
237,[매일] 상하목장 유기농 멸균 125ml 24팩,"22,900",우유,흰우유
238,[매일] 멸균우유 200ml x 24팩,"19,900",우유,흰우유
239,[가정배달] 상하목장 무항생제 저온살균우유 750ML 1개월 12회 (주3회-월/수/금),"45,600",우유,흰우유
240,[데콤포]MOM 밀크 온 밀크 HACPP인증 플레인요거트 750ML X3 12% 추가할인,"16,800",우유,흰우유
241,[데콤포]MOM 밀크 온 밀크 HACCP인증 플레인요거트 750ML X 2 16% 추가할인,"12,800",우유,흰우유
242,해피반 멸균우유 1000ml 6개세트,"12,000",우유,흰우유
243,[연세] 연세 멸균 흰우유 190ML 24팩,"16,900",우유,흰우유
244,멸균우유 200ml X 48팩  이태리우유,"39,900",우유,흰우유
245,매일 멸균우유 오리지널 200ml 24팩,"15,900",우유,흰우유
246,데일리스타 밀쉬 멸균우유(캡없음) 1000ml 1박스 12개,"22,800",우유,흰우유
247,이담 더신선한 우유 900ml,"3,400",우유,흰우유
248,메가커피 데일리스타 밀쉬 멸균우유(캡없음) 1000ml,"1,990",우유,흰우유
249,아르보리아 멸균우유 1L 1박스 10개,"22,000",우유,흰우유
250,서강 무농약 라이스밀크 1L 2개세트,"6,300",우유,흰우유
251,파카디아 멸균우유 1L 2개세트,"3,890",우유,흰우유
252,[이담] 더 신선한 우유 900ml,"3,400",우유,흰우유
253,[당일착유] 충남 아산 무항생제 우유 1L x 3개,"15,000",우유,흰우유
254,[매일] 상하목장 유기농 멸균 125ml 48팩,"43,900",우유,흰우유
255,멸균우유 오리지날_1000ml x 12팩,"33,900",우유,흰우유
256,서강 무농약 라이스밀크 1L 1박스 10개,"31,000",우유,흰우유
257,가정배달 건국 헬스플러스 무지방＆칼슘 450ml (주4회/4주),"33,600",우유,흰우유
258,가정배달) 아침의선물 930㎖ (1개월 음용권),"22,400",우유,흰우유
259,데일리스타 밀쉬 멸균우유(캡없음) 1000ml 2개세트,"3,960",우유,흰우유
260,메가커피 데일리스타 밀쉬 멸균우유(캡없음) 1000ml 2개세트,"3,960",우유,흰우유
261,팜하우스 골드 밀크 1L 1박스(12개) 프리미엄 방목우유 멸균우유,"64,000",우유,흰우유
262,서강 무농약 라이스밀크 1L,"3,100",우유,흰우유
263,멸균 우유  200ml x 24팩,"17,900",우유,흰우유
264,프리바이오틱스우유125ml(24팩),"19,900",우유,흰우유
265,가정배달 건국 고칼슘 우유 아카데미 플러스 930ml (주3회/2주),"20,400",우유,흰우유
266,메가커피 해피반 멸균우유 1000ml 6개세트,"12,000",우유,흰우유
267,[사전주문생산]뉴트로 비락우유 클래식200mL (15EA),"12,500",우유,흰우유
268,남양 3.4 우유 맛스틱 30입,"12,200",우유,흰우유
269,메가커피 해피반 멸균우유 1000ml 1박스 12개,"23,580",우유,흰우유
270,데일리스타 밀쉬 멸균우유(캡없음) 1000ml 6개세트,"11,700",우유,흰우유
271,[남양유업 가정배달]깔끔한 저지방GT(185mL) 1개월 (월20회),"19,000",우유,흰우유
272,오트밸리 귀리우유 1L 2개세트,"8,500",우유,흰우유
273,멸균우유_오리지날_1000ml x 6팩,"18,500",우유,흰우유
274,파카디아 멸균우유 1L 1박스 12개,"22,200",우유,흰우유
275,[남양유업 가정배달] 3번더좋은우유(180mL) 1개월 (월20회),"19,000",우유,흰우유
276,가정배달 건국 헬스플러스 무지방＆칼슘 180ml (주5회/4주),"22,000",우유,흰우유
277,멸균 우유 200ml x 48팩,"32,900",우유,흰우유
278,[사전주문생산]비락우유 키드우유(15EA),"12,400",우유,흰우유
279,해피반 멸균우유 1000ml 1박스 12개,"23,580",우유,흰우유
280,[매일우유 가정배달] 상하목장 유기농 드링킹요거트 750ML 1개월 12회(주3회-월/수/금),"73,200",우유,흰우유
281,남양 DHA 옳은 유기농 우유 180ml 24입 멸균우유,"20,400",우유,흰우유
282,독일 DMK 올덴버거 멸균우유 1L 1박스 12개,"23,880",우유,흰우유
283,가정배달 건국 고칼슘 우유 아카데미 플러스 450ml (주4회/2주),"16,800",우유,흰우유
284,서강 무농약 라이스밀크 쌀우유 1L 5개세트,"15,600",우유,흰우유
285,남양 DHA 옳은 유기농 우유 120mL 24팩,"19,400",우유,흰우유
286,가정배달 건국 유산균 우유 930ml (주3회/4주),"42,600",우유,흰우유
287,[매일] 상하목장 유기농 바나나우유 125ml 24팩,"23,900",우유,흰우유
288,매일 멸균우유 저지방 2% 200ml 24팩,"15,900",우유,흰우유
289,멸균우유 모음전 이태리우유 200ml/250ml/1000ml,"21,900",우유,흰우유
290,[사전주문생산]비락우유신선배송키트 (가족형),"24,900",우유,흰우유
291,[사전주문생산]비락우유신선배송키트 (뼈건강 가족형),"19,000",우유,흰우유
292,독일 DMK 올덴버거 멸균우유 1L 1박스 12개,"23,880",우유,흰우유
293,[매일] 상하목장 유기농 저지방 200ml 24팩,"25,900",우유,흰우유
294,[사전주문생산]비락우유신선배송키트 (1인 가구형),"13,550",우유,흰우유
295,가정배달 건국 닥터유 HACCP 전용목장프로젝트 1800ml (주3회/4주),"76,200",우유,흰우유
296,[매일우유 가정배달] 상하목장우유 저지방 180ML 1개월 20회(주5회-월~금),"31,000",우유,흰우유
297,가정배달) 슈퍼밀크 900㎖ (1개월 음용권),"26,400",우유,흰우유
298,[매일우유 가정배달] 소화가잘되는우유 180ML 3개월 60회(주5회-월~금),"63,000",우유,흰우유
299,매일 멸균 흰우유 200ml x 24팩,"14,800",우유,흰우유
300,가정배달) 슈퍼밀크(180mL) (1개월 음용권),"21,000",우유,흰우유
301,가정배달 건국 고칼슘 우유 아카데미 플러스 180ml (주5회/4주),"23,000",우유,흰우유
302,서강 무농약 라이스밀크 쌀우유 1L 5개세트,"15,600",우유,흰우유
303,아인슈타인 플러스 우유 24팩,"16,000",우유,흰우유
304,남양 맛있는우유 GT 고소한 저지방 멸균 180ml 24팩,"17,000",우유,흰우유
305,[매일우유 가정배달] 상하목장우유 저지방 750ML 1개월 12회(주3회-월/수/금),"55,800",우유,흰우유
306,[매일우유 가정배달] 상하목장 유기농 드링킹요거트 180ML 1개월 20회(주5회-월~금),"40,000",우유,흰우유
307,[S]매일 멸균우유 저지방 2% 200ml 48팩,"29,900",우유,흰우유
308,남양 맛있는우유 GT 멸균우유 180ml 24팩,"16,530",우유,흰우유
309,가정배달 건국 유산균 우유 180ml (주5회/4주),"25,000",우유,흰우유
310,[매일우유 가정배달] 위편한 구트 150ML 1개월 20회(주5회-월~금),"28,000",우유,흰우유
311,[매일우유 가정배달] 상하목장 유기농 드링킹요거트 750ML 3개월 24회(주2회-월/수),"146,400",우유,흰우유
312,[연세] 연세 멸균 흰우유 190ML 48팩,"27,900",우유,흰우유
313,가정배달 건국 강원 청정목장 유기농우유 200ml (주5회/4주),"35,000",우유,흰우유
314,무항생제 인증 바른목장 프리바이오틱스 우유 125ml 24팩,"20,900",우유,흰우유
315,가정배달) 아인슈타인(185mL) (1개월 음용권),"21,000",우유,흰우유
316,가정배달)깔끔한 저지방(185mL) (1개월 음용권),"21,000",우유,흰우유
317,가정배달) 아침의선물 450㎖ (1개월 음용권),"22,200",우유,흰우유
318,가정배달) 아침의선물 930㎖ (1개월 음용권),"23,600",우유,흰우유
319,가정배달 건국 헬스플러스 저지방＆칼슘 180ml (주5회/4주),"24,000",우유,흰우유
320,가정배달) 깔끔한 저지방 900㎖ (1개월 음용권),"25,200",우유,흰우유
321,가정배달 건국 헬스플러스 저지방＆칼슘 450ml (주4회/4주),"35,200",우유,흰우유
322,패밀리 멸균우유 1000ml 1박스 12개,"25,800",우유,흰우유
323,옳은우유 120ml 48팩,"38,600",우유,흰우유
324,남양 DHA 유기농 옳은우유 180ml 48팩,"40,800",우유,흰우유
325,가정배달 건국 비타민우유 골드 450ml (주4회/4주),"31,200",우유,흰우유
326,가정배달 건국 THE 밀크 750ml (주3회/4주),"46,800",우유,흰우유
327,[매일] 상하목장 유기농 바나나우유 125ml 48팩,"43,900",우유,흰우유
328,전용목장 멸균우유 200mlx48팩,"33,900",우유,흰우유
329,[매일우유 가정배달] 상하목장우유 180ML 3개월 60회(주5회-월~금),"93,000",우유,흰우유
330,가정배달 건국 강원 청정목장 유기농우유 저지방 800ml (주2회/4주),"44,000",우유,흰우유
331,가정배달 건국 강원 청정목장 유기농우유 800ml (주2회/4주),"44,000",우유,흰우유
332,[매일] 상하목장 유기농 멸균 125ml 96팩,"84,900",우유,흰우유
333,[매일우유 가정배달] 상하목장 슬로우 저지방 밀크 750ML 3개월 36회(주3회-월/수/금),"115,200",우유,흰우유
334,[매일우유 가정배달] 상하목장 유기농 드링킹요거트 180ML 3개월 60회(주5회-월~금),"120,000",우유,흰우유
335,[매일] 상하목장 유기농 바나나우유 125ml 72팩,"64,900",우유,흰우유
336,[매일] 상하목장 유기농 딸기우유 125ml 72팩,"64,900",우유,흰우유
337,[매일우유 가정배달] 위편한 구트 150ML 3개월 60회(주5회-월~금),"84,000",우유,흰우유
338,[매일] 상하목장 유기농 바나나우유 125ml 96팩,"84,900",우유,흰우유
339,[매일우유 가정배달] 상하목장우유 저지방 750ML 3개월 36회(주3회-월/수/금),"167,400",우유,흰우유
340,[매일우유 가정배달] 상하목장 케피어12 플레인 750ML(3개월24회) 주2회배달(월/수),"103,200",우유,흰우유
341,[매일우유 가정배달] 상하목장 케피어12 플레인 750ML(3개월36회) 주3회배달(월/수/금),"154,800",우유,흰우유
342,[매일우유 가정배달] 상하목장 유기농 드링킹요거트 750ML 3개월 36회(주3회-월/수/금),"219,600",우유,흰우유
343,[매일우유 가정배달] 상하목장우유 저지방 750ML 6개월 72회(주3회-월/수/금),"334,800",우유,흰우유
344,[매일우유 가정배달] 상하목장우유 750ML 6개월 72회(주3회-월/수/금),"334,800",우유,흰우유
345,아르보리아 멸균우유 1L 캡없음,"1,600",우유,흰우유
346,아르보리아 멸균우유 1L 캡없음,"1,600",우유,흰우유
347,메가커피 독일 DMK 올덴버거 멸균우유 1L,"2,100",우유,흰우유
348,패밀리 멸균우유 1000ml,"2,280",우유,흰우유
349,메가커피 아르보리아 멸균우유 1L,"2,300",우유,흰우유
350, 후레쉬팩/바이오플레인/케피어/소화우유/플로리다내츄럴/썬업/바리스타룰스 外 베스트 상품 모음전,"2,480",우유,흰우유
351,아르보리아 멸균우유 1L 캡없음 2개세트,"3,000",우유,흰우유
352,아르보리아 멸균우유 1L 캡없음 2개세트,"3,000",우유,흰우유
353,서강 무농약 라이스밀크 1L,"3,100",우유,흰우유
354,메가커피 해피반 멸균우유 1000ml 2개세트,"4,080",우유,흰우유
355,메가커피 독일 DMK 올덴버거 멸균우유 1L 2개세트,"4,100",우유,흰우유
356,메가커피 오트밸리 귀리우유 1L,"4,300",우유,흰우유
357,패밀리 멸균우유 1000ml 2개세트,"4,500",우유,흰우유
358,메가커피 아르보리아 멸균우유 1L 2개세트,"4,560",우유,흰우유
359,[매일] 상하치즈 더블업 체다슬라이스 360g / 상하목장 슬로우 밀크 930ml 모음전,"4,980",우유,흰우유
360,서강 무농약 라이스밀크 1L 2개세트,"6,300",우유,흰우유
361,메가커피 오트밸리 귀리우유 1L 2개세트,"8,500",우유,흰우유
362,메가커피 데일리스타 밀쉬 멸균우유(캡없음) 1000ml 6개세트,"11,700",우유,흰우유
363,이담 산양우유 150ml x 7개,"12,600",우유,흰우유
364,매일 멸균우유 저지방 2% 200ml x 24팩,"15,900",우유,흰우유
365,메가커피 아르보리아 멸균우유 1L 캡없음 1박스 12개,"17,300",우유,흰우유
366,아르보리아 멸균우유 1L 캡없음 1박스 12개,"17,300",우유,흰우유
367,매일 소화가 잘되는 저지방 우유 190ml 24팩,"19,900",우유,흰우유
368,가정배달 건국 오메가 수 알파 180ml (주5회/4주),"20,600",우유,흰우유
369,유기농 저지방 우유 200ml 24팩,"20,900",우유,흰우유
370,가정배달 건국 비타민우유 골드 180ml (주5회/4주),"21,000",우유,흰우유
371,가정배달) 아침의선물 930㎖ (1개월 음용권),"23,600",우유,흰우유
372,패밀리 멸균우유 1000ml 1박스 12개,"25,800",우유,흰우유
373,가정배달 건국 닥터유 HACCP 전용목장프로젝트 190ml (주5회/4주),"26,000",우유,흰우유
374,가정배달) 고칼슘글루코사민 900㎖ (1개월 음용권),"26,400",우유,흰우유
375,가정배달 건국 오메가 수 알파 450ml (주4회/4주),"29,600",우유,흰우유
376,서강 무농약 라이스밀크 1L 1박스 10개,"31,000",우유,흰우유
377,가정배달 건국 아이밀크꼬끼우 450ml (주4회/4주),"32,800",우유,흰우유
378,가정배달 건국 유산균 우유 450ml (주4회/4주),"36,000",우유,흰우유
379,가정배달 건국 오메가 수 알파 970ml (주3회/4주),"36,240",우유,흰우유
380,매일 소화가 잘되는 저지방 우유 190ml 48팩,"36,900",우유,흰우유
381,바른목장 프리바이오틱스우유125ml(48팩)/무항생제 장건강 유산균우유/라추로스/식이섬유,"38,900",우유,흰우유
382,가정배달 건국 비타민우유 골드 930ml (주3회/4주),"39,000",우유,흰우유
383,[연세] 연세 멸균 흰우유 190ML 72팩,"39,900",우유,흰우유
384,가정배달 건국 아이밀크꼬끼우 930ml (주3회/4주),"40,800",우유,흰우유
385,메가커피 오트밸리 귀리우유 1L 1박스 10개,"41,500",우유,흰우유
386,오트밸리 귀리우유 1L 1박스 10개,"41,500",우유,흰우유
387,[매일] 상하목장 유기농 딸기우유 125ml 48팩,"43,900",우유,흰우유
388,바른목장 프리바이오틱스우유190ml(18팩x2),"43,900",우유,흰우유
389,[연세] 연세 멸균 흰우유 190ML 96팩,"52,900",우유,흰우유
390,바른목장 프리바이오틱스우유125ml(96팩)/무항생제 장건강 유산균우유/라추로스/식이섬유,"62,900",우유,흰우유
391,바른목장우유125ml(96팩),"63,600",우유,흰우유
392,[매일] 상하목장 유기농 멸균 125ml 72팩,"64,900",우유,흰우유
393,[매일] 상하목장 유기농 저지방 200ml 72팩,"72,900",우유,흰우유
394,[매일] 상하목장 유기농 딸기우유 125ml 96팩,"84,900",우유,흰우유
395,바른목장 프리바이오틱스우유190ml(18팩x4),"88,100",우유,흰우유
396,[매일우유 가정배달] 상하목장우유 저지방 180ML 3개월 60회(주5회-월~금),"93,000",우유,흰우유
397,[매일] 상하목장 유기농 저지방 200ml 96팩,"95,900",우유,흰우유
398,서울 초코우유 200ml*3입,"2,390",우유,초코우유
399,[매일] 허쉬 쵸콜렛 드링크(235ml*4개) 940ml,"4,280",우유,초코우유
400,[Nestle] 네스퀵 초콜릿맛 드링크(180ml*4입) 720ml,"3,680",우유,초코우유
401,남양 초코에몽 250ml*4,"3,570",우유,초코우유
402,[푸르밀] 가나 쵸코 우유(225ml*4) 900ml,"4,280",우유,초코우유
403,남양 초코에몽180ml*3입,"2,980",우유,초코우유
404,매일 소화가 잘되는우유 초콜릿 190ml*6입,"4,960",우유,초코우유
405,서울우유 초코꿀딴지 180ml*4,"2,980",우유,초코우유
406,맛있는우유GT멸균초코 6입,"3,980",우유,초코우유
407,[매일] 초코 멸균우유 (200ml24입),"11,500",우유,초코우유
408,"[Only SSG] 연세 초코우유 190ml * 24입 (NEO 쓱배송, 그외지역 택배)","11,900",우유,초코우유
409,"[연세] 마카다미아초코우유 190ml * 24입 (NEO2 쓱배송, 그외지역 택배)","11,900",우유,초코우유
410,남양 초코에몽 180ml 24팩 멸균우유 초코우유,"18,430",우유,초코우유
411,[서울우유 공식대리점]서울우유 초코멸균우유 200ml x 24팩,"15,200",우유,초코우유
412,매일 멸균 딸기우유/초코우유 200ml 48팩,"19,500",우유,초코우유
413,남양 초코에몽 180mL 24팩,"19,200",우유,초코우유
414,파스퇴르멸균/딸기/바나나/가나쵸코우유(190mlx24팩),"13,900",우유,초코우유
415,남양 초코에몽 시그니처 180ml 24팩 멸균우유 내가아는그고급진생초콜릿,"18,430",우유,초코우유
416,[서울우유 공식대리점]서울우유 초코꿀딴지 180ml x 24팩,"16,900",우유,초코우유
417,[S]매일 멸균 딸기우유/초코우유 200ml 48팩,"23,900",우유,초코우유
418,연세 마카다미아초코우유 190mlx24입,"11,900",우유,초코우유
419,100%식물성 초코우유 오트밸리 초코귀리우유 250 ml x24팩,"23,900",우유,초코우유
420,서울 초코우유200mlx24입,"16,500",우유,초코우유
421,100%식물성 초코우유 오트밸리 초코귀리우유 250 ml x12팩,"15,200",우유,초코우유
422,[서울우유 공식대리점]서울우유 초코꿀딴지 180ml x 24팩,"17,400",우유,초코우유
423,멸균우유200ml 48팩/내츄럴/딸기/쵸코(4종),"25,900",우유,초코우유
424,서울 흰우유 200mlx24입/멸균우유/흰/딸기/초코/우유,"16,500",우유,초코우유
425,[남양] 초코에몽 180ml x 24팩,"22,900",우유,초코우유
426,서울우유200mlx24입/서울우유/흰/초코/딸기,"16,500",우유,초코우유
427,서울 초코우유 200ml X 24팩/서울우유/멸균우유,"17,900",우유,초코우유
428,파스퇴르멸균 딸기바나나쵸코우유(190ml 24팩),"14,900",우유,초코우유
429,남양 맛있는우유 GT 멸균우유 초코 180ml 24팩,"15,580",우유,초코우유
430,카카오랏 오리지날 미니브릭 초코 멸균우유 200ml x 8팩 [스페인] + 무료배송,"12,000",우유,초코우유
431,[매일] 아몬드브리즈 초코 190ml*24입 (NEO2),"15,900",우유,초코우유
432,"[남양] 맛있는우유GT 멸균 초코우유 180ml*24입 (NEO 쓱배송, 그외지역 택배)","11,500",우유,초코우유
433,서울 딸기우유 200ml*3입,"2,390",우유,딸기우유
434,[빙그레] 딸기맛 우유 240ml4,"4,600",우유,딸기우유
435,[제티] 딸기(17g20개입) 340g,"2,480",우유,딸기우유
436,[제티] 초콕 딸기맛 20입 72g (3.6g*20입),"4,880",우유,딸기우유
437,맛있는우유 딸기6입,"3,980",우유,딸기우유
438,[빙그레]  딸기타임 200ML*3,"1,650",우유,딸기우유
439,파스퇴르 바른목장 딸기우유125ML*3입,"2,700",우유,딸기우유
440,덴마크 무항생제 딸기우유 120㎖×3,"2,980",우유,딸기우유
441,[barebells] 베어벨스 프로틴 밀크쉐이크 딸기향 330ml,"4,900",우유,딸기우유
442,★대표품목 10%다운로드 쿠폰★[매일유업] 매일우유 멸균우유 딸기 200ml 24팩,"10,900",우유,딸기우유
443,★대표품목 10%다운로드 쿠폰★[매일유업] 상하목장 유기농 딸기우유 125ml 24팩,"18,900",우유,딸기우유
444,[서울우유 공식대리점]서울우유 딸기멸균우유 200ml x 24팩,"14,900",우유,딸기우유
445,전용목장 딸기 멸균우유 190mlx24팩,"13,900",우유,딸기우유
446,[서울우유 공식대리점]서울우유 딸기꿀딴지 180ml x 24팩,"16,900",우유,딸기우유
447,파스퇴르멸균 딸기우유(190ml 48팩),"25,900",우유,딸기우유
448,무항생제 바른목장 딸기우유 125mlx24팩,"17,900",우유,딸기우유
449,바른목장 딸기우유125ml(24팩),"17,900",우유,딸기우유
450,멸균우유200ml 48팩/내츄럴/딸기/쵸코(4종),"25,900",우유,딸기우유
451,남양 딸기에몽 180ml 24팩 멸균우유 딸기우유,"18,430",우유,딸기우유
452,유기농 딸기우유 125ml 48팩,"34,900",우유,딸기우유
453,매일 멸균 딸기우유 200ml 24팩,"13,500",우유,딸기우유
454,유기농 딸기우유 125ml 24팩,"22,900",우유,딸기우유
455,서울 딸기우유 200ml X 24팩/서울우유/멸균우유,"17,900",우유,딸기우유
456,[서울우유 공식대리점]서울우유 딸기꿀딴지 180ml x 24팩,"17,400",우유,딸기우유
457,뽀로로가 좋아하는 딸기우유 140mlx24팩,"17,900",우유,딸기우유
458,남양 맛있는우유GT 멸균 딸기우유 180mL 24팩,"16,000",우유,딸기우유
459,서울 딸기우유200mlx24입,"16,500",우유,딸기우유
460,전용목장 딸기 멸균우유 190mlx48팩,"29,900",우유,딸기우유
461,남양 딸기에몽 180mL 24팩,"19,200",우유,딸기우유
462,남양 맛있는우유 GT 멸균우유 딸기 180ml 24팩,"15,580",우유,딸기우유
463,아인슈타인 플러스 천연DHA 딸기우유 24팩,"16,000",우유,딸기우유
464,바른목장 딸기우유125ml(48팩),"33,900",우유,딸기우유
465,바른목장 딸기우유125ml(72팩),"51,700",우유,딸기우유
466,바른목장 딸기우유125ml(96팩),"67,600",우유,딸기우유
467,[매일] 딸기 멸균우유 (200ml24입),"11,500",우유,딸기우유
468,상하목장 유기농멸균딸기 125*24,"18,900",우유,딸기우유
469,[서울우유] 딸기멸균(200ml24개),"12,500",우유,딸기우유
470,"[남양] 맛있는우유GT 멸균 딸기우유 180ml*24입 (NEO 쓱배송, 그외지역 택배)","11,500",우유,딸기우유
471,[서울우유] 커피 삼각 포리 (200ml*3개),"1,980",우유,커피우유
472,서울 커피우유 200ml*3입,"2,390",우유,커피우유
473,이태리 명품 보니찌 라떼 멸균우유1000mlx12입,"21,400",우유,커피우유
474,카페베네 카페라떼/모카/마끼아또200ml*10개,"9,900",우유,커피우유
475,리얼브루 라떼3종(콜드브루/드립/에스프레소)250mlX10개,"14,900",우유,커피우유
476,연유/헤이즐럿/아이리시라떼/혼합구성230ml*16개,"18,900",우유,커피우유
477,리얼브루 라떼3종(콜드브루/드립/에스프레소)250ml*20개,"26,900",우유,커피우유
478,연유/헤이즐럿/아이리시라떼/혼합구성230ml*24개,"27,900",우유,커피우유
479,콜드브루 카페베네 바닐라/마일드/모카/라떼/마끼아또/혼합구성 5종200ml*10개,"9,900",우유,커피우유
480,흑당 밀크티/카페라떼/혼합구성250ml*10개,"12,900",우유,커피우유
481,연유/헤이즐럿/아이리시라떼/혼합구성230ml*10개,"13,900",우유,커피우유
482,콜드브루 카페베네 바닐라/마일드/모카/라떼/마끼아또/혼합구성 5종200ml*20개,"16,900",우유,커피우유
483,흑당 밀크티/카페라떼/혼합구성250ml*20개,"21,900",우유,커피우유
484,[빙그레] 바나나맛 우유(240ml4개) 960ml,"4,580",우유,바나나우유
485,[빙그레] 바나나맛 우유 Value 6팩(240ml*6개) 1440ml,"6,480",우유,바나나우유
486,[빙그레] 바나나 스페셜(240ml*6개) 1440ml,"6,480",우유,바나나우유
487,[빙그레] 바나나맛 우유 라이트(240ml4개) 960ml,"4,600",우유,바나나우유
488,매일유업 바나나는 하얗다 멀티 235ml*4,"3,980",우유,바나나우유
489,[푸르밀] 생과즙 바나나 우유(225ml*4) 900ml,"4,280",우유,바나나우유
490,피코크 유기농인증 바나나우유 125ml*3,"2,680",우유,바나나우유
491,서울바나나우유(200g*3입),"2,390",우유,바나나우유
492,매일 소화가 잘되는우유 바나나 190ml*6입,"5,380",우유,바나나우유
493,빙그레 바나나우유 kids 6입 기획,"4,980",우유,바나나우유
494,상하목장 유기바나나우유 125ml*3,"3,100",우유,바나나우유
495,[빙그레] 바나나맛우유라이트/딸기맛우유(240ml*4) 2종 택1,"4,600",우유,바나나우유
496,[연세] 멸균바나나우유 200ml24입,"13,000",우유,바나나우유
497,덴마크 무항생제 바나나우유 120㎖×3,"2,980",우유,바나나우유
498,★대표품목 10%다운로드 쿠폰★[매일유업] 바나나는 원래 하얗다 190ml 24팩,"12,900",우유,바나나우유
499,[barebells] 베어벨스 프로틴 밀크쉐이크 바나나향 330ml,"4,900",우유,바나나우유
500,상하목장 유기농 바나나우유 125*24,"18,900",우유,바나나우유
501,★대표품목 10%다운로드 쿠폰★[매일유업] 상하목장 유기농 바나나우유 125ml 24팩,"18,900",우유,바나나우유
502, 소화가 잘되는 우유(락토프리) 멸균 바나나 190ml 24팩,"19,900",우유,바나나우유
503,바나나는 원래 하얗다 190ml 48팩,"21,200",우유,바나나우유
504,파스퇴르멸균/딸기/바나나/가나쵸코우유(190mlx24팩),"13,900",우유,바나나우유
505,"[빙그레] 바나나맛우유 Kids 멸균우유 120 ml * 24개입 (NEO 쓱배송, 그외지역 택배)","16,900",우유,바나나우유
506,[연세]바나나우유 200ml 48팩,"27,900",우유,바나나우유
507,[연세]바나나우유 200ml 24팩,"15,900",우유,바나나우유
508,유기농 바나나우유 125ml 48팩,"34,900",우유,바나나우유
509,[연세]바나나우유 96팩,"49,900",우유,바나나우유
510,[연세]바나나우유 200ml 72팩,"39,900",우유,바나나우유
511,무항생제 바른목장 바나나우유125ml(24팩),"17,900",우유,바나나우유
512,[S]바나나는 원래 하얗다 190ml 48팩,"24,900",우유,바나나우유
513,유기농 바나나우유 125ml 24팩,"22,900",우유,바나나우유
514,바른목장 바나나우유125ml(24팩),"17,900",우유,바나나우유
515,바나나는 원래 하얗다 190ml 24팩,"14,500",우유,바나나우유
516,연세 바나나퐁당190mlx24입,"11,900",우유,바나나우유
517,1급A원유 바나나우유190ml(48팩),"26,900",우유,바나나우유
518,[이담] 산양 바나나우유 120ml x 7팩,"10,500",우유,바나나우유
519,파스퇴르멸균 딸기바나나쵸코우유(190ml 24팩),"14,900",우유,바나나우유
520,[S]상하목장 유기농 바나나우유 125ml 48팩,"41,600",우유,바나나우유
521,뽀로로가 좋아하는 바나나우유 140mlx24팩,"17,900",우유,바나나우유
522,바른목장우유125ml/바나나우유125ml 24팩,"17,900",우유,바나나우유
523,바른목장우유125ml/바나나우유125ml(24팩),"17,900",우유,바나나우유
524,남양 DHA 옳은 유기농 우유 바나나 120ml 24팩 멸균우유,"18,430",우유,바나나우유
525,이담 산양 바나나우유 120ml x 7개,"10,500",우유,바나나우유
526,바른목장바나나우유125ml(24팩),"17,900",우유,바나나우유
527,무항생제 바른목장 바나나우유125ml(48팩),"33,900",우유,바나나우유
528,바른목장 바나나우유125ml(48팩),"33,900",우유,바나나우유
529,파스퇴르 무항생제 바른목장 바나나우유 375ml(125ml*3팩),"2,480",우유,바나나우유
530,"[Only SSG] 연세 바나나우유 190ml * 24입 (NEO2 쓱배송, 그외지역 택배)","11,900",우유,바나나우유
